departure;arrival;starting_time;n_people
194;784;1483910785;14
2307;487;1483929681;8
1922;450;1483906639;8
968;2509;1483925639;14
178;2300;1483908792;6
1469;1170;1483903535;4
864;2527;1483928724;8
687;70;1483910802;12
366;2460;1483921519;18
2220;429;1483929422;4
2163;990;1483914754;14
2299;1427;1483908858;8
12509;902;1483911292;6
2151;2485;1483911945;14
1789;160;1483930553;18
1925;13032;1483900822;6
724;2412;1483925653;12
125;31146;1483902090;4
9027;1892;1483911595;8
1756;2221;1483899598;16
2512;1068;1483899488;6
665;1082;1483905873;10
647;1543;1483902023;8
331;922;1483926946;14
1107;1127;1483932589;2
848;2417;1483915649;16
824;1738;1483926636;12
2281;1275;1483910132;8
1350;33119;1483926038;16
154;3337;1483916883;6
1430;12509;1483925115;6
100;2086;1483919915;2
1634;2499;1483926436;16
7998;1541;1483902078;10
102;770;1483928404;8
1695;291;1483911830;6
2116;987;1483903661;8
249;468;1483909581;18
1395;743;1483901736;14
310;1402;1483918092;18
2223;555;1483906560;2
33859;1454;1483929187;12
1961;2108;1483904317;18
6632;2119;1483917471;16
417;1072;1483909748;2
57;2423;1483925952;2
1092;119;1483923221;4
1178;2352;1483927259;12
2203;1017;1483920742;16
931;1164;1483909909;6
1744;268;1483899408;16
640;2554;1483918472;16
2075;641;1483914504;8
2519;2221;1483916776;2
13088;2635;1483909277;18
2265;1460;1483923553;18
1720;2322;1483923937;4
765;824;1483903215;12
241;1191;1483915948;18
507;125;1483927761;12
2426;2311;1483921235;6
275;948;1483919609;2
7995;1797;1483921525;2
1584;994;1483904873;12
781;2415;1483931890;12
471;464;1483914646;16
715;2372;1483902776;14
38898;1505;1483911284;6
1268;423;1483918547;2
384;7247;1483914785;14
988;1493;1483920214;6
997;9073;1483913565;4
1777;37406;1483914641;10
960;2468;1483899706;14
2206;17774;1483923795;16
470;105;1483902979;14
1020;40148;1483927257;6
429;1582;1483920286;16
2620;677;1483930308;4
554;2159;1483903006;10
51;32;1483928810;18
147;884;1483927247;18
840;354;1483906585;6
1157;2498;1483927560;4
380;2250;1483922866;18
1270;370;1483923919;2
6629;1319;1483920028;16
36241;2205;1483923739;6
2145;2283;1483925782;8
368;1189;1483899836;10
2141;2423;1483919165;8
1048;9031;1483919751;8
2536;850;1483906024;16
390;742;1483905172;8
1633;2088;1483912330;8
2611;1027;1483926393;8
33117;430;1483913131;4
804;389;1483901457;16
1856;885;1483925058;2
873;913;1483904816;18
13337;681;1483916080;16
1524;1842;1483931428;16
1931;937;1483928912;2
796;2313;1483901988;6
73;732;1483902464;12
2211;1981;1483928870;12
1052;386;1483901434;10
2429;36331;1483915742;8
17959;98;1483928301;6
2026;775;1483900372;6
17995;488;1483908673;14
1965;720;1483909916;6
2037;54;1483921929;4
2180;1034;1483905526;18
28063;1210;1483912955;14
413;252;1483928495;2
999;1206;1483924016;16
1362;770;1483902701;10
564;58;1483904704;16
657;1955;1483904130;10
994;1090;1483909124;18
1527;1638;1483930365;2
1309;1808;1483927423;10
1880;195;1483916727;8
1661;1728;1483926256;4
61;818;1483916116;4
1212;369;1483900919;4
1810;2;1483927574;14
1307;44;1483926374;12
2491;2204;1483901733;2
1832;581;1483910770;14
835;1465;1483910620;10
1473;284;1483915519;18
801;514;1483931480;14
547;1294;1483928028;2
1749;1242;1483930137;2
811;908;1483929475;2
1737;1103;1483915191;4
2268;1867;1483903160;14
1779;664;1483910912;18
616;417;1483903645;18
22837;1038;1483923229;18
1720;651;1483918861;14
1764;2165;1483922355;16
2376;1988;1483922994;2
721;22282;1483906120;2
2457;2380;1483918245;6
1524;1369;1483901650;2
1443;2495;1483907006;12
264;210;1483930427;10
1952;1859;1483902116;16
2364;1213;1483909820;6
139;1294;1483899484;10
2134;292;1483899933;16
1266;2364;1483927111;4
1054;2279;1483914141;8
1563;754;1483921282;8
713;20;1483901470;18
1746;1682;1483916732;4
1988;2533;1483924961;10
1057;2351;1483921861;8
728;1290;1483908120;8
16473;747;1483907864;10
1291;490;1483901498;16
2219;2257;1483931992;12
2540;1302;1483907021;14
2021;1399;1483923759;4
754;942;1483913126;16
2000;1176;1483908569;4
28426;682;1483926669;2
1728;1652;1483902953;4
2442;763;1483906992;18
754;935;1483909601;14
859;1796;1483903129;8
988;27914;1483907212;16
1428;883;1483915178;12
1008;1464;1483905171;16
1391;17643;1483928348;12
102;1022;1483915664;8
986;312;1483921417;16
1295;2248;1483907169;18
777;2544;1483915381;14
2396;1950;1483910176;14
23722;1848;1483912195;14
2618;1768;1483911744;16
1143;578;1483923088;4
1490;470;1483930229;16
1395;782;1483919183;8
1031;1525;1483909905;4
2045;943;1483908121;16
418;533;1483925041;8
701;567;1483900462;10
2281;1538;1483915987;16
2075;1790;1483927757;14
2395;664;1483906973;14
330;354;1483918199;16
18;1874;1483921864;18
1108;1066;1483905364;4
318;1290;1483900005;14
743;79;1483928549;18
22375;2142;1483900053;18
2261;13409;1483913963;18
115;1982;1483931816;18
646;1212;1483915440;14
1005;1934;1483924242;14
1314;1269;1483919779;18
2249;2556;1483914779;6
27914;38506;1483902655;16
22837;1092;1483929846;14
781;88;1483916398;4
1707;295;1483910862;10
389;826;1483914763;18
616;364;1483916223;14
901;2500;1483903650;10
1123;1303;1483913039;10
1693;179;1483915724;10
1371;749;1483931694;12
2083;1596;1483902396;2
1361;1586;1483930187;12
2209;2297;1483929942;10
814;2523;1483910911;18
2587;1296;1483903221;14
1606;1272;1483911175;16
2524;2451;1483915758;18
756;969;1483920077;8
1531;13088;1483911188;14
755;1298;1483907367;2
232;2213;1483919497;12
2519;327;1483912720;16
1381;2220;1483906383;18
1369;2568;1483911064;6
2414;2490;1483930105;4
850;1692;1483921236;8
1447;35;1483928277;10
2303;850;1483912258;2
246;2587;1483912361;8
1757;15547;1483901736;10
726;787;1483920651;8
677;278;1483900497;8
2353;1585;1483917156;10
1470;2525;1483910061;18
643;1372;1483920678;16
22051;36828;1483899657;6
1253;1962;1483914415;4
2143;547;1483912300;10
1313;1964;1483932768;8
1188;1270;1483899066;6
1904;2530;1483922734;2
135;562;1483919781;6
765;224;1483912107;16
496;1306;1483917262;12
807;1713;1483913185;12
992;2519;1483919186;4
1770;2015;1483925874;6
2472;16469;1483931732;2
1630;3338;1483900421;2
905;2266;1483915182;8
2576;820;1483915606;12
118;59;1483915670;4
1444;2243;1483920965;12
1020;756;1483926936;4
722;514;1483907721;6
113;2144;1483899223;10
1915;968;1483915811;6
28348;512;1483925157;8
1268;488;1483917246;10
2321;2598;1483919791;2
2336;2624;1483910568;4
672;2425;1483932262;8
1703;1691;1483919615;4
280;1398;1483924119;16
1655;2257;1483910872;16
377;1429;1483902744;6
2204;551;1483929688;18
2335;939;1483917206;6
1009;2490;1483909002;16
2264;2499;1483903904;8
1091;1102;1483909703;2
489;1223;1483914497;18
1040;1922;1483920555;2
155;2480;1483921124;14
219;273;1483911606;8
2454;2402;1483903301;6
2288;1598;1483903672;16
1371;2218;1483927721;12
1345;436;1483929164;10
438;41;1483918643;14
2562;2532;1483909943;14
827;478;1483926635;12
2323;1940;1483917373;14
13657;2450;1483922958;14
705;9073;1483927293;14
1114;1673;1483911461;18
367;1136;1483922183;4
2020;2022;1483922392;8
2064;851;1483914896;14
1076;1995;1483902835;14
2282;759;1483922441;10
33860;1209;1483919257;14
1900;2458;1483905049;10
381;1431;1483905063;10
1462;1412;1483922742;6
353;506;1483919742;10
2632;7995;1483920677;10
712;653;1483907524;18
1790;2123;1483905377;4
1775;2202;1483901612;18
1571;68;1483918092;4
745;1045;1483931994;16
879;193;1483901688;16
162;1560;1483929551;18
637;241;1483912406;2
574;1199;1483918513;2
2148;18181;1483917527;2
1470;2126;1483932571;2
2570;609;1483930342;6
630;321;1483912781;8
1001;308;1483909963;6
1042;522;1483928421;10
2105;2291;1483919107;14
478;1401;1483918759;8
1478;1247;1483909570;8
821;479;1483921897;8
14573;1056;1483915147;18
1631;821;1483932778;14
1488;1536;1483909717;8
788;7995;1483932112;2
1270;981;1483902896;16
1923;1085;1483930604;14
753;500;1483909291;18
2024;7206;1483901910;14
2179;621;1483906105;4
498;1317;1483931757;4
937;676;1483918999;2
1395;698;1483925025;8
2004;26089;1483923554;16
392;2627;1483921066;6
2190;2224;1483899882;10
22432;2070;1483924227;16
2197;13399;1483917162;8
2087;439;1483926347;12
2507;1753;1483918246;18
1417;710;1483901258;2
89;2286;1483913311;4
1976;551;1483918626;8
2622;1461;1483912102;16
789;368;1483903765;18
1165;2417;1483916231;8
285;877;1483901188;2
1006;1263;1483919908;8
784;227;1483916821;4
1137;2104;1483904362;18
1376;466;1483932499;12
427;760;1483916310;8
17995;487;1483902127;12
1972;1025;1483902367;6
1654;1020;1483901267;10
1307;769;1483927734;10
811;2047;1483899164;4
645;626;1483910905;4
28330;13409;1483926403;14
2187;217;1483908118;8
1926;507;1483925136;18
727;1659;1483904949;10
2147;1612;1483905289;10
1948;487;1483911429;4
1008;1909;1483924013;4
2519;2617;1483911678;14
2084;2331;1483905383;10
1405;2080;1483924466;10
213;532;1483917983;12
1558;1157;1483910347;4
40;2007;1483928750;18
1262;208;1483928120;6
1424;1513;1483910975;12
457;2084;1483913534;10
1400;312;1483919175;12
2337;1924;1483924743;12
1213;480;1483899885;10
2459;2388;1483906408;14
165;811;1483914637;16
1881;1239;1483901880;2
482;36331;1483924851;8
1924;940;1483926170;10
135;2613;1483905983;10
2633;1273;1483930047;4
2487;912;1483929645;16
2296;24813;1483899832;4
2506;1786;1483910496;16
805;2468;1483903133;10
41793;39;1483906720;4
266;1579;1483918358;2
403;508;1483904062;14
1919;1378;1483924690;14
1226;825;1483928725;4
1734;2229;1483912419;18
463;9073;1483905860;4
1126;2353;1483911710;6
1995;2334;1483919625;10
2580;2498;1483910398;8
2460;921;1483909405;6
2322;381;1483914850;6
1666;32490;1483902222;4
1220;1738;1483908664;18
668;976;1483907118;10
1299;483;1483912213;6
661;871;1483911518;10
2445;8004;1483904065;12
2539;492;1483921769;10
914;38987;1483905939;2
1212;1628;1483911272;6
2013;2291;1483900821;18
2168;2004;1483928090;10
2267;3337;1483904668;18
2095;2395;1483899297;2
1208;952;1483924997;2
2231;1144;1483912724;10
124;241;1483922647;6
2254;21845;1483929444;6
1692;2069;1483926422;2
787;2306;1483929122;14
681;2348;1483919911;6
1226;2520;1483923838;10
220;1289;1483923748;2
2484;1662;1483924547;8
903;975;1483910261;16
1638;357;1483914762;18
6423;797;1483917473;2
2596;858;1483905885;14
40153;2;1483916381;4
1770;2524;1483910565;2
21789;679;1483925512;4
383;1895;1483910646;18
489;22432;1483918367;4
1747;275;1483900071;8
1962;1411;1483915436;14
189;1088;1483929259;8
1028;1363;1483926969;12
2406;7997;1483907541;14
2516;1736;1483902808;16
1301;479;1483919003;14
1124;17775;1483900856;16
937;989;1483899109;2
522;2444;1483904818;8
1727;1480;1483906636;6
1850;2355;1483914280;6
7998;2386;1483930643;16
26089;2162;1483914996;12
524;21789;1483928793;12
2251;1270;1483908462;16
1168;2099;1483932507;16
2333;411;1483921423;16
902;170;1483915254;6
1807;557;1483917300;4
1013;2157;1483925880;6
2124;381;1483907126;2
417;1839;1483919402;10
1475;1286;1483932555;4
392;476;1483917992;6
1043;586;1483928805;6
337;1538;1483926002;16
2384;930;1483906766;14
851;510;1483901940;14
2016;901;1483915920;16
1553;32942;1483927367;2
2276;1862;1483923526;18
37246;2592;1483906444;16
2087;1248;1483932008;18
1880;1003;1483931431;8
2285;1674;1483905458;6
881;747;1483926329;16
2365;59;1483932476;2
2625;2089;1483913149;10
312;1523;1483899737;4
224;1729;1483923355;12
1853;1205;1483932657;18
885;1477;1483903678;4
13399;435;1483908105;6
1045;37408;1483931707;10
1275;2311;1483927929;8
2186;36830;1483926398;4
611;2540;1483932198;8
1422;260;1483899076;6
1872;1155;1483912102;4
497;2482;1483907975;8
741;1591;1483914782;2
1677;29;1483920735;2
150;1921;1483900830;2
2253;1415;1483924889;12
1608;2285;1483917278;10
9157;646;1483914647;14
1333;772;1483931965;10
128;486;1483915497;16
2096;921;1483905946;16
2275;725;1483927642;8
2620;68;1483908913;18
957;1938;1483910998;4
1241;315;1483928103;2
1216;343;1483907456;12
2018;1039;1483932189;14
252;2345;1483920935;16
2198;1221;1483922823;14
1789;740;1483926030;2
178;1746;1483926950;14
1053;2524;1483927273;4
2155;2548;1483921031;4
2040;965;1483914731;16
36331;6250;1483911391;10
1314;1177;1483921650;14
702;1341;1483929989;18
2072;2106;1483907943;14
1538;2638;1483922203;16
13337;774;1483917030;10
1057;1193;1483911074;8
2309;1321;1483900799;14
1243;769;1483926446;2
7;2444;1483911103;14
780;72;1483930654;12
2397;2290;1483922380;10
1081;120;1483926318;16
418;1165;1483909985;16
424;2530;1483900187;12
950;167;1483919631;10
2045;1857;1483927396;10
38506;2277;1483912665;10
797;364;1483921079;8
1298;2344;1483922187;18
1500;2439;1483922422;4
1470;639;1483921763;14
809;472;1483912497;10
1126;1176;1483918707;16
1514;377;1483903060;18
648;1279;1483905429;4
928;1935;1483913284;6
2204;1054;1483920190;8
1734;1498;1483900892;16
1408;494;1483907072;12
366;2452;1483931867;8
2366;532;1483920385;12
1693;1796;1483903115;12
1328;2096;1483915174;10
224;2067;1483917987;12
585;1497;1483917055;8
37407;1404;1483926297;2
70;352;1483931609;14
30;1813;1483908725;4
86;1900;1483928043;8
649;2313;1483905776;8
164;222;1483922220;14
2150;1374;1483920669;2
2075;396;1483911136;4
653;36243;1483924981;4
688;1409;1483924167;6
124;566;1483917682;18
363;1980;1483915347;8
2240;173;1483930532;8
2060;1311;1483904292;2
1113;2118;1483900601;8
2198;2550;1483920736;8
658;22420;1483919051;4
3340;461;1483923760;18
146;2385;1483899528;18
126;1420;1483921634;4
41410;40154;1483930756;2
834;13032;1483930174;14
2536;2112;1483916958;18
1432;2478;1483904308;18
1611;645;1483926501;2
819;1906;1483905103;10
944;916;1483921468;10
2636;1991;1483919757;18
2295;2397;1483922122;10
1403;1362;1483913071;10
81;670;1483905987;4
2409;16474;1483931702;8
1462;581;1483918990;8
627;267;1483925395;14
182;2256;1483922114;10
17980;1959;1483911808;10
1976;821;1483925550;18
1140;1378;1483926483;14
1430;1511;1483927265;4
36;1041;1483909009;6
1633;1655;1483914059;12
784;2035;1483905441;18
455;920;1483907529;18
862;2550;1483916733;16
2248;559;1483915662;18
1207;83;1483915722;16
994;372;1483911174;2
37;12315;1483913924;18
13335;2473;1483899689;6
603;13335;1483922266;8
17773;1553;1483928203;8
509;1190;1483912807;16
767;27915;1483900733;16
2005;1097;1483923163;6
2079;2158;1483905486;6
2145;383;1483922329;14
2301;32677;1483906340;18
1402;1446;1483911376;8
2335;1042;1483930201;16
2074;1734;1483900525;8
288;472;1483908719;6
1903;669;1483917639;8
504;1155;1483923936;12
1486;264;1483915545;6
2174;413;1483905614;18
1634;12507;1483930268;8
1580;2083;1483922263;10
2580;562;1483914377;12
492;254;1483924474;8
653;2181;1483920074;10
923;572;1483923975;8
1894;17778;1483919074;14
2537;1957;1483909698;18
944;207;1483899962;8
17959;2259;1483914784;4
1054;103;1483923955;18
2414;1665;1483908426;12
1401;1356;1483925180;16
865;1698;1483912471;12
2430;614;1483924328;18
1895;478;1483903195;18
1032;1656;1483926557;18
781;1207;1483911158;14
2472;1783;1483901679;10
517;2311;1483923015;10
1051;795;1483925982;6
2320;1631;1483922176;2
1139;502;1483909511;18
741;324;1483908167;10
617;2158;1483910097;10
16469;2240;1483905820;14
649;1584;1483912789;2
2282;1742;1483900911;8
2374;554;1483931610;2
835;2203;1483906413;12
17643;2484;1483908046;4
602;2097;1483899296;8
1519;2038;1483925980;12
623;2285;1483930893;12
1711;984;1483927231;6
997;1708;1483930090;4
1273;2633;1483904631;18
33117;330;1483914228;6
1784;2289;1483917186;8
2219;531;1483913719;14
1759;586;1483911371;4
2158;1866;1483925753;10
923;1266;1483926166;14
1066;464;1483900657;14
2562;362;1483919394;10
1930;591;1483931761;6
1268;2170;1483906870;2
720;1580;1483905867;14
919;2251;1483909751;14
828;816;1483905687;8
213;1782;1483911684;16
1770;679;1483924584;16
866;13311;1483912427;14
203;566;1483917300;8
324;273;1483920932;4
2288;332;1483929210;4
1670;1703;1483905211;12
410;2385;1483930701;10
1750;1004;1483918631;16
619;363;1483914100;4
1109;473;1483930745;14
2250;450;1483928779;8
894;652;1483915045;6
1782;63;1483929634;2
1636;1681;1483930087;10
464;275;1483914192;6
2276;1509;1483919092;16
1542;17643;1483909854;10
1115;188;1483915364;12
2507;111;1483925893;8
2150;125;1483904605;10
13;2348;1483900924;10
1995;1637;1483927459;12
2471;2581;1483918055;8
1731;2638;1483905377;6
1625;2375;1483911733;2
1632;2247;1483921009;10
2396;250;1483926474;16
2038;2012;1483929643;12
2284;2119;1483918724;14
975;1309;1483922546;4
979;1575;1483916904;4
2064;948;1483932658;10
904;22340;1483901197;12
378;1678;1483930544;12
1179;2322;1483910099;4
1598;1835;1483931063;18
363;398;1483903352;16
1023;1335;1483899189;4
1764;428;1483915104;4
1623;1135;1483903957;4
1082;1470;1483931948;14
160;17644;1483905397;6
12308;2627;1483911326;10
1173;889;1483904940;16
516;2139;1483927516;4
589;793;1483931228;14
36;991;1483912024;14
1216;13338;1483927423;14
2356;194;1483908981;14
2333;558;1483926242;8
621;2294;1483899842;16
2266;2634;1483911845;4
982;1058;1483905417;8
1678;674;1483924638;18
1006;1822;1483912256;14
1661;558;1483922067;8
481;1902;1483929926;12
2146;1497;1483931728;14
391;1768;1483927103;4
51;459;1483932538;2
1602;1073;1483906724;18
1097;2012;1483923121;2
339;927;1483911614;6
2281;699;1483918048;10
902;2257;1483915078;6
2322;937;1483926015;4
1638;251;1483908119;8
523;933;1483909504;18
948;22340;1483925010;18
546;2331;1483907978;4
423;1245;1483904947;18
1323;1379;1483901710;10
154;929;1483930589;16
525;12471;1483899145;18
945;2569;1483918830;14
2175;13311;1483906647;10
772;1592;1483917522;10
1231;1848;1483910141;12
1874;1723;1483913305;16
341;931;1483921115;10
588;525;1483918530;12
397;2529;1483908842;8
1579;34756;1483917249;8
2550;2228;1483928035;6
257;2062;1483899695;10
2323;321;1483926946;4
936;1768;1483918476;18
2170;2292;1483925825;8
1892;1567;1483909612;10
989;2473;1483906984;8
2039;197;1483924755;12
654;326;1483923401;18
121;1647;1483920220;2
763;760;1483906968;4
1874;2444;1483931479;18
1928;1107;1483917572;12
1126;83;1483931034;8
1818;2552;1483927009;2
2003;226;1483903156;6
845;1288;1483907596;6
1040;41;1483929414;6
616;748;1483915960;14
2129;3338;1483921790;14
114;1837;1483920203;14
500;38542;1483931588;12
902;2561;1483911360;10
1922;534;1483902167;6
785;1565;1483915023;18
2179;642;1483928117;2
1593;1188;1483920588;6
2516;1669;1483919685;18
1064;653;1483902940;18
2021;336;1483922886;2
1336;7206;1483912436;10
2027;165;1483921185;2
2028;561;1483903501;8
1741;1381;1483922275;4
2493;970;1483930546;2
1491;2186;1483904123;2
2039;66;1483915461;6
951;22;1483929392;10
37410;736;1483932309;18
1960;1957;1483912593;18
1736;162;1483908300;2
569;811;1483926904;8
2130;1033;1483901532;4
1806;2625;1483904020;6
1134;234;1483921242;10
1785;1458;1483914866;4
2137;764;1483910337;2
631;2143;1483912334;2
1154;174;1483916378;16
905;527;1483918551;4
1950;1458;1483908545;2
2003;799;1483907304;4
260;1025;1483903045;12
196;17778;1483907863;16
1551;2782;1483907878;18
1599;1245;1483921533;18
1932;736;1483909578;2
2190;1644;1483906191;4
39085;2535;1483906677;8
1501;1758;1483920189;10
1387;2338;1483903665;14
932;712;1483924261;10
1052;1768;1483908212;4
2481;2476;1483918609;4
139;1687;1483906374;14
2536;1950;1483902955;12
1151;1271;1483910426;14
1350;163;1483902109;4
1540;451;1483905910;18
2254;869;1483912452;10
1844;226;1483903915;14
2872;1779;1483907408;6
2616;386;1483916529;6
981;1810;1483903311;8
1600;279;1483924759;10
1410;745;1483907410;16
13723;373;1483905828;4
1800;1369;1483900213;6
2156;2052;1483908735;14
2473;874;1483926377;14
1248;1359;1483920180;10
1223;2080;1483919065;6
1993;59;1483927075;10
825;1007;1483918027;14
1155;1678;1483903623;4
583;894;1483927525;18
17775;2253;1483918161;8
805;1893;1483930610;18
2194;1530;1483899365;18
1814;1681;1483913631;18
158;1587;1483923215;6
1452;1990;1483925572;10
906;642;1483901798;12
2582;2200;1483932154;12
1470;16477;1483927793;4
1421;313;1483913732;10
165;1341;1483914976;6
1966;2344;1483905110;4
101;952;1483931320;12
1265;2059;1483919859;14
2166;1876;1483921954;10
854;1270;1483916695;18
1841;1023;1483930263;18
2278;214;1483928008;14
1440;1399;1483912629;4
1495;2074;1483929314;12
1632;2417;1483910621;8
2202;1571;1483921348;6
6630;622;1483914806;10
1397;381;1483928120;18
1589;1279;1483899670;12
412;1238;1483919550;10
157;22837;1483919741;6
252;276;1483900912;12
1875;1110;1483903456;6
839;2128;1483908462;16
55;1499;1483918597;2
2105;654;1483904416;18
1878;39;1483926655;6
735;2313;1483901266;2
36247;1930;1483928181;2
2372;791;1483913212;12
1419;2083;1483925983;4
1694;2046;1483922350;10
1120;2274;1483903331;6
2105;514;1483919496;6
1109;105;1483928499;18
225;2560;1483907040;16
1633;489;1483902718;18
1527;2278;1483901222;6
22340;1068;1483924731;12
2134;1138;1483911568;12
2453;2295;1483924357;14
1217;198;1483921362;6
2330;248;1483907060;2
2209;1675;1483902929;18
484;1927;1483903327;6
244;2412;1483931170;8
407;1141;1483925266;6
1828;2872;1483909683;18
827;1252;1483903437;12
1840;1665;1483923042;2
1276;2304;1483925151;10
721;686;1483918844;8
2490;1125;1483929207;10
674;348;1483929778;10
2155;995;1483930124;16
190;460;1483920120;14
1042;1944;1483917786;18
1939;2306;1483932588;18
481;1914;1483903306;14
266;506;1483917181;8
2350;479;1483924276;14
2262;2269;1483905479;18
974;571;1483906673;16
1170;512;1483917199;18
1185;743;1483921679;12
1330;340;1483915822;2
2551;722;1483925037;2
1730;1445;1483919385;2
1772;1807;1483929609;18
2041;2035;1483905985;6
1410;930;1483902909;10
2231;2535;1483906455;4
2458;1637;1483906424;16
573;2330;1483906819;4
1978;2042;1483925233;16
101;2230;1483918609;18
1812;26509;1483930998;12
1263;1516;1483923496;12
1978;2451;1483920161;10
1467;1290;1483919631;4
1359;50;1483928237;16
948;97;1483905528;16
762;1161;1483905671;12
2871;1668;1483902915;18
63;833;1483903918;6
2404;39;1483907283;10
464;2527;1483932576;10
2214;1875;1483899717;16
478;549;1483910050;6
1721;1043;1483928182;16
2377;1468;1483910047;16
2448;2009;1483927170;14
1934;2323;1483931810;4
2156;638;1483899540;6
16253;2092;1483899976;4
2326;1489;1483916904;8
76;1755;1483910514;14
2539;20;1483913126;10
1811;1416;1483914781;10
2189;1696;1483925197;8
1026;1191;1483906077;8
1689;2437;1483906424;18
32;1283;1483914383;2
2272;1832;1483922107;6
2386;713;1483921615;8
887;1936;1483931037;10
283;2603;1483922696;4
2415;2141;1483923676;10
1639;2587;1483925561;10
815;243;1483911394;10
1358;37311;1483914266;18
21789;986;1483900305;12
2401;2441;1483924392;8
1205;1122;1483928978;6
2482;2395;1483911187;8
34307;467;1483914603;4
2099;340;1483919259;18
2518;1465;1483917206;18
1324;1536;1483917777;8
1949;2506;1483930602;8
923;1042;1483931531;8
41410;2626;1483925524;6
1953;724;1483906632;12
1318;2175;1483908917;4
392;2284;1483904714;2
125;1309;1483932430;2
2151;2442;1483924974;10
2410;1611;1483900703;18
845;48;1483910493;18
807;173;1483912555;14
571;37408;1483910914;10
1370;1904;1483924547;6
1997;225;1483914392;16
768;585;1483907943;4
2159;1955;1483918465;14
992;1542;1483908045;16
1739;1023;1483899204;8
2441;1859;1483927280;12
1561;1294;1483923472;18
11416;1230;1483931764;12
782;1158;1483907624;14
1369;1779;1483914638;14
2177;868;1483921635;6
1758;1541;1483908559;14
1719;798;1483905982;10
533;1244;1483918715;4
2114;997;1483899600;8
1275;1988;1483901075;10
601;1054;1483929804;8
501;2344;1483922974;10
1844;2308;1483901689;4
1093;2188;1483910596;16
2371;2187;1483912848;18
1052;2004;1483899558;8
1387;346;1483926228;10
1211;2049;1483917365;4
339;2535;1483914602;14
686;1970;1483915771;14
2451;21789;1483913863;10
19549;813;1483912488;4
27912;2572;1483927500;16
5;1479;1483907551;4
1454;1083;1483919703;14
13334;22051;1483901717;8
38898;151;1483919148;6
408;17775;1483919525;2
1327;2599;1483903211;4
1120;948;1483901156;18
41034;1402;1483923784;12
574;997;1483913828;14
1387;2573;1483928636;12
157;36247;1483907528;10
229;1438;1483911595;4
2225;2300;1483910387;8
139;2143;1483903719;2
704;2382;1483899094;18
36242;1767;1483923703;8
1023;7;1483902973;6
2355;703;1483922424;8
1132;2594;1483927205;4
1329;2102;1483911689;14
2237;355;1483914036;8
822;1050;1483921429;10
31146;734;1483904358;10
1088;1355;1483922284;16
2302;2601;1483927239;8
124;604;1483901016;10
767;92;1483930415;2
1395;2008;1483909074;4
2479;2064;1483932332;16
1145;2377;1483903725;10
484;83;1483911566;16
492;1155;1483909202;8
692;1692;1483932420;8
222;696;1483919009;6
41410;75;1483907291;8
1593;1172;1483906523;4
67;1078;1483919619;4
38893;958;1483916368;10
33;9157;1483912286;12
86;580;1483931838;12
776;621;1483913222;10
2053;1522;1483915309;2
269;1664;1483903788;14
2143;438;1483930182;8
2078;1472;1483918738;12
189;2238;1483902401;10
1210;944;1483923839;8
2132;969;1483906769;14
1146;2111;1483931421;14
1844;309;1483911260;6
645;1650;1483900036;8
1594;212;1483909151;2
213;342;1483914428;14
1131;745;1483908244;4
1798;687;1483929290;4
484;62;1483912843;18
1028;988;1483912760;2
1925;65;1483927413;8
2235;159;1483914331;12
1154;7;1483917195;6
2421;835;1483910967;18
1218;1321;1483918643;6
1076;729;1483922224;12
529;21789;1483899860;10
36244;243;1483921633;16
607;456;1483915829;10
652;2412;1483910744;6
2258;366;1483912341;8
185;315;1483910250;2
2522;2538;1483918011;16
855;2586;1483901085;10
1972;1420;1483932680;18
2168;244;1483923858;14
1403;513;1483916129;4
2536;2145;1483913181;14
1288;451;1483912752;18
1046;1225;1483930745;8
153;2531;1483913979;6
2429;80;1483902343;2
571;1168;1483916406;14
282;357;1483912869;16
2482;2308;1483911704;16
2196;990;1483909634;6
2220;32493;1483915107;4
1;2201;1483919948;12
2370;832;1483921535;16
675;1364;1483932010;4
2413;176;1483908008;18
642;16469;1483923093;8
1787;1881;1483919845;14
580;816;1483900581;16
2632;658;1483900520;4
1874;1226;1483923678;8
1351;32489;1483899902;8
36828;962;1483901164;6
2509;1762;1483928783;8
725;2007;1483908252;14
1108;2304;1483931095;2
2428;1460;1483918719;18
643;1473;1483900171;8
2031;740;1483902556;16
1535;1300;1483908485;16
1959;36828;1483929652;4
141;1423;1483904047;2
2116;1819;1483924641;8
8;1056;1483907464;14
551;469;1483932623;4
1796;2782;1483912354;18
2216;425;1483929661;4
263;1514;1483916614;12
40759;496;1483920335;12
512;755;1483921216;18
963;1299;1483915221;4
618;2130;1483901100;2
367;139;1483913945;16
1416;17777;1483925489;4
2111;2412;1483912760;14
1664;2343;1483929203;10
243;38542;1483913082;10
700;2498;1483930915;4
2560;1424;1483913883;16
1762;1499;1483901563;4
1847;675;1483913779;12
1068;1677;1483923130;2
2343;2054;1483916561;6
334;973;1483901101;6
2395;296;1483925386;4
1324;138;1483910999;6
1301;732;1483906402;6
1517;798;1483922769;18
1455;723;1483915936;8
1938;1132;1483928101;4
800;406;1483913729;16
1067;669;1483907950;8
1379;1047;1483919736;18
2223;1402;1483926823;10
1755;1058;1483925902;8
1395;106;1483921042;4
1631;515;1483902010;8
2376;1832;1483917886;12
201;1938;1483921035;14
621;915;1483930953;10
372;1747;1483913021;16
492;1812;1483905379;14
577;1477;1483914777;10
685;8002;1483916947;14
1593;1903;1483907447;12
893;2179;1483904977;14
1019;7206;1483911378;8
480;1078;1483915007;10
2352;1693;1483920758;10
36243;2291;1483905224;8
325;2044;1483907651;8
7995;2059;1483930124;10
2184;832;1483904585;18
1005;1537;1483918448;12
1871;1953;1483901949;4
1479;2051;1483910397;8
1777;2529;1483913785;18
2410;783;1483919385;2
2441;1197;1483909779;2
1666;2191;1483903824;4
217;981;1483910280;8
22420;284;1483904538;14
550;12471;1483899945;4
2061;1340;1483899610;2
2317;524;1483899580;6
1215;1683;1483917408;8
11418;1958;1483914029;6
2013;2621;1483923653;12
22051;1588;1483927748;10
28426;596;1483927494;14
1632;564;1483932430;18
465;143;1483917211;8
1139;1876;1483921989;8
2457;1541;1483923018;16
2371;2439;1483918444;18
280;1877;1483923981;4
2077;2392;1483921735;6
2263;2222;1483906530;18
1073;2213;1483928538;4
357;227;1483905953;10
1075;1765;1483911857;12
487;2266;1483926498;10
534;1198;1483908211;16
13620;31;1483909234;14
1295;409;1483911873;4
41267;636;1483915467;14
125;682;1483916302;18
11854;1744;1483906132;6
2446;1635;1483911605;6
2356;1497;1483913758;18
2484;793;1483901698;2
360;382;1483922273;12
29771;2575;1483922988;16
2291;28064;1483910620;12
2269;610;1483923945;18
1072;132;1483913244;16
2420;1457;1483900071;14
949;2271;1483917906;2
37409;1180;1483918089;2
1557;1154;1483918193;14
18181;1433;1483917405;2
1318;2516;1483914035;14
2412;510;1483911495;6
933;1466;1483927067;18
1717;1111;1483932588;18
55;173;1483907696;18
912;13335;1483910682;14
41;1299;1483913415;10
36242;282;1483909687;6
2158;2496;1483926668;12
1016;2500;1483932257;10
686;900;1483917874;6
76;1902;1483906950;10
1100;2441;1483902702;6
2128;228;1483904717;18
1688;1196;1483914229;2
1489;235;1483917573;12
1654;2166;1483900512;14
2500;1510;1483909363;10
1669;972;1483924536;2
1001;789;1483924439;18
1698;984;1483919499;8
992;780;1483902332;16
1033;1852;1483906059;6
2593;1667;1483900431;12
261;2243;1483921836;6
877;759;1483914796;6
306;588;1483915571;12
518;2409;1483925133;18
18;2235;1483931095;4
135;1470;1483922629;4
35;1136;1483915906;14
1473;1726;1483903336;16
2465;841;1483904616;10
19;2002;1483900791;18
1869;587;1483931405;14
380;13399;1483908325;2
1185;1607;1483926243;12
2400;1756;1483901392;8
33119;2506;1483900931;10
843;1067;1483899137;16
2025;608;1483928262;6
1272;37312;1483903961;12
1627;9;1483907340;10
11;379;1483900992;4
2257;2031;1483923276;12
2088;2305;1483904250;4
828;1431;1483925719;14
403;70;1483910618;16
686;1458;1483909428;12
113;2222;1483908834;18
1079;1915;1483918358;4
1275;873;1483908940;6
898;2397;1483918095;16
2307;32491;1483913261;4
1537;940;1483929224;4
2484;483;1483902237;6
2214;367;1483908140;12
2530;555;1483921897;16
36;490;1483922458;2
869;322;1483931659;2
534;1846;1483910735;10
1114;1272;1483919372;4
33856;28327;1483924779;4
2061;985;1483904530;6
858;1812;1483920669;6
1521;2472;1483907502;12
435;2454;1483908896;14
1535;839;1483931517;4
874;1106;1483901706;2
1530;1367;1483904366;2
2113;1420;1483930050;6
1186;1170;1483913642;8
1131;12754;1483919914;2
260;1834;1483907075;2
1701;219;1483901382;6
1725;678;1483901711;16
1398;1013;1483924878;14
1576;265;1483901925;14
176;619;1483913407;14
1044;254;1483905599;16
266;6632;1483905194;14
2268;1208;1483929342;10
1486;362;1483906253;12
657;518;1483905333;6
1650;1304;1483927838;18
2636;2168;1483920071;12
1287;2324;1483928692;18
1831;1166;1483906900;4
1072;2274;1483917899;4
411;1926;1483916134;6
1479;1470;1483932755;16
64;2028;1483918354;12
113;398;1483922820;4
2626;1758;1483929438;2
867;1050;1483902189;18
153;7996;1483917702;2
1831;343;1483911944;16
1140;994;1483932295;14
272;39085;1483907844;2
55;1642;1483913277;6
1053;2423;1483930070;6
1319;2103;1483927198;6
1894;2437;1483920326;2
2069;59;1483907024;12
965;1164;1483927658;8
22375;720;1483910427;12
1814;1383;1483913931;6
759;35473;1483908526;4
1537;1001;1483929109;6
1242;1645;1483929706;18
27914;704;1483900404;6
935;1581;1483922290;4
1087;2581;1483907800;18
1260;88;1483912419;12
1979;100;1483911497;6
800;2157;1483929176;4
2629;2137;1483908653;4
1372;145;1483927844;16
1327;2066;1483905666;16
1609;17775;1483915923;2
2134;1578;1483899934;12
848;1528;1483914656;18
1224;1367;1483907384;12
1275;353;1483912709;8
1881;2011;1483918106;2
1881;2622;1483905274;18
2382;2118;1483918631;8
1325;2442;1483921943;6
632;1036;1483902579;10
1225;28327;1483930906;14
1239;2630;1483927353;8
141;2092;1483916898;2
2144;461;1483930303;2
13338;1611;1483926409;16
1952;419;1483916339;18
13338;456;1483930790;18
100;2288;1483913184;12
1955;2337;1483925859;6
506;22321;1483930582;12
440;2035;1483923079;8
2489;2413;1483916176;14
1146;2064;1483931952;16
1162;2074;1483931197;8
308;353;1483899264;12
2524;1970;1483929913;10
547;2155;1483912214;10
17644;32495;1483925387;18
2351;1133;1483905066;16
712;702;1483901728;8
1321;1759;1483915668;18
182;6630;1483916470;8
1642;554;1483917359;16
1556;708;1483920568;6
1684;629;1483924317;2
1640;1291;1483924826;18
1801;7995;1483907703;14
1214;1364;1483923965;18
900;229;1483930950;14
899;40;1483908947;12
1025;574;1483927032;8
459;2558;1483920458;6
2426;13723;1483931547;10
2172;193;1483924431;12
874;1471;1483905985;16
2123;448;1483904713;4
257;792;1483916545;2
3337;1052;1483921113;8
41034;1266;1483921727;8
164;2358;1483931397;2
1487;2405;1483914867;16
22281;1567;1483930443;4
779;330;1483910833;18
1746;620;1483913632;10
1089;689;1483908199;12
1348;46;1483930057;18
1067;1838;1483932412;8
41;1577;1483903981;12
264;2032;1483907748;4
2615;503;1483915102;8
1907;1149;1483915912;18
2238;463;1483905277;10
814;1338;1483906589;14
2426;1681;1483930248;2
991;243;1483921570;18
1099;264;1483905261;2
2448;2052;1483908313;8
1643;407;1483915245;16
2345;2481;1483917653;14
2073;1926;1483928379;6
1968;2195;1483911990;18
1040;2383;1483908784;6
1093;706;1483912165;14
2592;670;1483923426;16
925;873;1483931745;8
778;1405;1483924273;8
65;580;1483909583;14
2344;37312;1483913275;4
528;975;1483911039;6
2582;2417;1483912281;10
2338;1362;1483908325;14
2163;1367;1483919518;10
2283;2454;1483906528;6
9031;1789;1483929916;18
1248;1358;1483930635;8
535;2341;1483900616;18
1673;881;1483910210;10
732;1840;1483908471;16
1693;960;1483903231;10
379;1286;1483911810;12
2130;2377;1483900757;2
2215;1915;1483921875;16
688;310;1483926684;4
118;1182;1483908558;14
1553;1451;1483928966;16
2293;2082;1483908083;10
2366;1084;1483901803;8
1318;1633;1483902932;14
238;37;1483929308;10
880;195;1483916595;10
2521;956;1483932498;12
2626;36789;1483918024;14
40147;2226;1483930103;4
38893;1249;1483922540;2
450;1469;1483915988;8
2046;1935;1483920515;10
1460;2477;1483931819;4
1401;502;1483908297;2
942;2638;1483904555;6
2280;182;1483919886;2
107;1534;1483924465;2
175;2222;1483910906;6
2507;162;1483928715;14
2637;365;1483900087;8
1817;106;1483932462;14
468;61;1483921033;16
245;1374;1483919257;4
453;2266;1483911834;2
719;135;1483926282;10
272;1747;1483923430;6
1460;1774;1483902419;16
1635;441;1483932392;8
2091;269;1483930258;10
1519;1454;1483899202;4
2064;1652;1483927206;16
784;1188;1483922562;4
2318;1126;1483925786;18
1739;2311;1483914951;2
205;1033;1483905758;12
67;1134;1483906856;4
13723;965;1483905497;6
41;18;1483917240;10
13339;821;1483917560;4
2627;821;1483918539;8
928;1091;1483916485;10
2004;2468;1483904343;14
294;567;1483920440;12
625;2781;1483930339;6
242;384;1483917978;10
122;790;1483909621;4
2582;113;1483914936;18
1553;1732;1483916546;14
2482;1631;1483930927;2
2617;372;1483917201;6
2114;515;1483931701;10
22051;12828;1483911753;4
33119;1523;1483926946;4
1863;1913;1483924535;10
1085;853;1483914241;16
256;1616;1483914779;4
721;293;1483910085;8
32496;2570;1483907208;4
989;1287;1483916039;8
3339;945;1483904449;8
17;1392;1483928259;2
837;2202;1483927311;16
407;1396;1483922922;14
162;11419;1483916337;10
1750;227;1483918880;8
222;1601;1483905155;10
2192;2073;1483932131;12
2582;618;1483924164;8
935;2501;1483929078;8
348;719;1483927295;6
1724;380;1483924963;2
678;869;1483903246;12
488;2378;1483912178;2
979;2330;1483915345;4
376;32975;1483923985;4
2368;12507;1483902850;12
412;1264;1483923418;10
651;248;1483913401;16
1252;2426;1483924224;2
1692;531;1483920550;10
1296;1532;1483913363;18
2189;821;1483908953;6
12507;40153;1483908512;14
532;344;1483908136;4
502;2317;1483916882;4
1382;1209;1483926048;12
1049;2168;1483917930;4
641;233;1483908692;12
181;1818;1483915146;12
2573;880;1483914652;8
993;523;1483902256;8
2573;2460;1483923544;8
310;1815;1483928031;10
201;2315;1483903582;18
1141;1958;1483925079;12
2089;1505;1483918329;8
2321;9030;1483905513;16
1638;2379;1483925886;4
916;1147;1483915710;12
2029;550;1483931080;8
299;953;1483914758;6
1770;795;1483908843;4
1809;30;1483919524;2
1880;1746;1483917227;12
1899;419;1483928434;8
1477;2318;1483912775;8
92;362;1483905149;10
952;82;1483927041;14
417;464;1483909599;12
1655;1223;1483926255;8
1647;1960;1483930868;6
224;205;1483901403;16
1916;2306;1483904529;10
103;2319;1483910846;12
28063;521;1483900912;2
1394;103;1483917187;16
817;1089;1483903805;4
1142;991;1483908436;8
503;140;1483924436;8
1471;1380;1483918988;8
1936;2496;1483929329;4
2634;1420;1483922201;8
1517;1190;1483907235;6
2451;829;1483928366;6
591;18;1483927440;4
2495;2373;1483907016;8
1074;37;1483915903;12
560;953;1483930907;8
220;326;1483903917;18
203;1441;1483908773;4
2800;624;1483916443;4
2871;12509;1483905173;18
27916;1739;1483904864;10
749;529;1483917875;18
2401;2400;1483924159;14
1872;256;1483927258;18
1017;1831;1483922353;12
36830;2595;1483924001;10
2106;1668;1483915868;10
613;471;1483911753;2
684;1025;1483900113;10
1327;244;1483916515;4
1041;2482;1483900678;2
1568;698;1483921343;10
38892;1176;1483918282;14
906;1074;1483920855;18
636;811;1483921247;12
772;1779;1483928242;2
1444;918;1483911766;8
1026;2270;1483901734;6
1368;919;1483906234;4
583;627;1483932159;12
364;120;1483922054;14
265;28063;1483928208;6
190;1063;1483921354;4
22340;1074;1483920163;18
398;405;1483917732;16
2130;630;1483915601;8
1411;730;1483917734;2
2005;826;1483912376;6
1388;17773;1483922008;14
1968;518;1483907216;10
1019;2013;1483918072;2
681;750;1483903847;6
800;666;1483924364;10
662;2242;1483921212;18
2373;845;1483910867;16
7995;650;1483925191;8
1570;1022;1483919007;10
2131;1984;1483916293;12
2264;2473;1483902987;14
1414;695;1483912070;18
1492;12;1483926479;12
2443;1838;1483909626;4
2572;1676;1483899261;16
617;666;1483906413;10
17774;1599;1483908478;6
28064;1233;1483920405;4
1504;1287;1483914622;14
2367;116;1483908891;4
2018;1370;1483919627;8
2203;476;1483923275;14
16474;2205;1483913745;14
2631;2397;1483916613;14
2225;28061;1483908289;8
1496;1379;1483914267;16
836;1975;1483931865;4
2066;476;1483916019;14
1824;363;1483905410;10
778;634;1483899717;10
2075;1918;1483930773;2
132;913;1483917234;8
2459;1733;1483904437;4
669;9031;1483912730;12
2534;1580;1483912141;8
2427;522;1483925668;10
16474;2115;1483927210;16
155;1853;1483900680;2
2348;1037;1483932529;4
361;2043;1483927142;6
1114;787;1483931194;12
1726;1576;1483915844;18
2631;1997;1483920328;14
679;1713;1483900641;4
1549;13337;1483928616;14
27;1857;1483926033;4
22374;642;1483920051;6
2093;2063;1483931843;8
1823;1758;1483921493;8
636;2245;1483909095;2
7997;413;1483899868;16
754;2630;1483929972;12
1319;61;1483899339;4
1034;1666;1483930097;4
1424;295;1483916349;16
1071;16477;1483915291;4
61;103;1483919652;16
2872;1412;1483909402;8
2416;812;1483916467;4
2533;1453;1483907347;10
2056;675;1483911297;14
814;879;1483927895;14
1518;1034;1483899167;6
1024;1135;1483901007;6
672;2336;1483910842;12
1441;2160;1483904706;8
37407;145;1483929453;16
339;2144;1483914752;10
809;849;1483924294;6
926;1346;1483914060;14
1003;2355;1483930932;12
1046;510;1483914533;18
2062;1283;1483903115;4
774;62;1483924581;10
27912;13657;1483902585;6
394;2277;1483918323;8
2386;1958;1483925450;2
1822;1971;1483908654;4
864;1238;1483910845;4
1857;1987;1483927837;14
1849;574;1483919481;2
657;2609;1483901518;10
987;1960;1483925786;10
2615;1652;1483907476;2
2532;1494;1483922439;14
880;390;1483929589;2
2364;1186;1483920960;10
772;2213;1483924326;8
2545;1399;1483921516;4
13341;836;1483916168;4
1040;2125;1483928451;2
340;463;1483911092;2
2571;502;1483901082;2
2288;2871;1483915961;2
1877;2084;1483906334;10
189;1790;1483918132;10
2621;1942;1483919321;10
1858;625;1483900279;2
2550;1589;1483915291;4
116;1737;1483907864;2
369;1816;1483901309;8
2024;2028;1483915694;10
1719;1762;1483900140;16
6629;1772;1483907555;8
2345;1714;1483910696;8
2077;1784;1483905102;4
237;653;1483901081;8
859;1413;1483915145;8
19548;673;1483923978;8
381;464;1483917271;4
2061;637;1483930062;10
1627;2618;1483923606;2
2632;676;1483905320;18
1344;1366;1483911266;18
639;513;1483910366;8
1868;2597;1483927305;14
36241;33860;1483923315;16
479;93;1483924426;14
1547;2069;1483916985;14
43;2521;1483920305;10
1773;1103;1483916413;8
889;339;1483930754;18
1517;2392;1483924808;16
1567;1856;1483904229;14
888;2800;1483925577;16
607;1860;1483917986;8
1641;9073;1483916096;4
1591;2503;1483914851;8
864;67;1483920577;8
2358;219;1483931725;4
1124;1218;1483918579;18
329;1363;1483899253;6
2427;413;1483904469;16
827;33855;1483926972;8
1218;1724;1483902463;16
709;1518;1483908771;8
123;1544;1483926091;4
236;40147;1483906609;4
220;2237;1483900816;4
2499;353;1483902901;16
2869;1701;1483918837;6
528;2029;1483929020;2
2285;2335;1483906661;12
2287;140;1483906254;12
2014;2392;1483929837;2
2454;2564;1483908684;4
1998;581;1483904082;18
1703;2533;1483914463;12
977;2093;1483922461;12
87;1046;1483907951;12
1837;1660;1483932274;8
2282;168;1483920876;18
1509;1542;1483923104;8
36242;2162;1483912299;2
1239;1595;1483924246;14
2872;17776;1483930866;4
954;1427;1483902559;4
1084;2546;1483899404;10
12754;1918;1483928280;18
2574;2554;1483923312;4
1481;1876;1483923859;4
2340;337;1483913552;8
131;2595;1483913668;6
1124;2355;1483916115;14
777;1971;1483916127;10
2515;1816;1483900052;14
2240;726;1483908342;8
462;919;1483906018;14
366;934;1483914007;8
857;2461;1483929845;2
1261;2182;1483929383;16
611;1832;1483907391;16
2311;1314;1483917824;8
525;2024;1483904608;8
1592;2337;1483913305;4
1708;2292;1483907947;8
32489;2404;1483921585;2
1998;573;1483913280;2
2348;27117;1483899248;14
2299;2025;1483930254;4
1304;1546;1483930997;6
650;2636;1483919988;2
1742;2586;1483923159;16
2058;166;1483922518;12
1645;998;1483916131;10
310;1347;1483909284;10
620;1358;1483899543;8
1445;2368;1483931100;4
710;2479;1483923761;18
148;35;1483916073;14
739;1237;1483924673;8
1229;1570;1483908945;2
2373;1767;1483915381;16
1185;2237;1483926778;8
1203;2466;1483931310;2
712;1405;1483912165;16
1356;2295;1483910049;2
22432;327;1483920604;12
1302;27913;1483928926;10
1840;163;1483913760;14
1458;2066;1483908473;10
2121;17782;1483929333;8
1470;1132;1483923795;8
12315;67;1483907427;8
1276;2439;1483899921;10
581;2190;1483921503;2
1037;307;1483915662;6
1557;1116;1483907230;14
2059;1549;1483917250;6
2170;320;1483928559;2
1142;1297;1483900415;4
1493;603;1483918036;10
2442;481;1483907386;18
2103;2229;1483900304;2
1465;1028;1483913479;14
669;2519;1483904398;6
83;718;1483926000;4
27117;1464;1483921268;6
1696;1265;1483928817;4
2260;2087;1483899613;4
2137;152;1483911522;10
1240;408;1483904108;18
2116;1416;1483904261;14
2501;948;1483919652;14
734;2176;1483913871;2
2055;357;1483924087;10
1580;1734;1483915753;6
170;2303;1483931511;18
916;574;1483902435;10
1013;2034;1483903897;2
703;331;1483904538;4
428;2550;1483903465;2
1739;2250;1483930042;16
252;1043;1483914271;16
273;2570;1483904675;18
689;1723;1483928830;14
908;516;1483899763;2
1094;1550;1483931028;16
2155;13408;1483920307;12
136;549;1483916691;14
772;40759;1483908918;10
36241;297;1483928919;18
2350;255;1483901298;6
575;33857;1483913298;14
1054;421;1483917263;6
1632;154;1483911355;2
1701;958;1483905993;12
1302;1514;1483916347;10
1;641;1483926744;6
41034;2347;1483925869;4
2537;1976;1483928492;10
2434;197;1483908764;2
1328;555;1483911277;14
894;597;1483910097;6
2334;1380;1483928952;4
1836;1570;1483926078;6
2015;1178;1483926344;14
1312;247;1483921066;8
41793;1661;1483928427;10
1809;108;1483910462;4
1068;2099;1483907696;12
2321;2479;1483915816;4
1836;2402;1483905660;4
2274;2355;1483915900;16
1697;1603;1483916592;12
946;427;1483925801;18
482;1834;1483908691;6
984;1176;1483903649;10
529;17777;1483927213;6
2258;310;1483904754;12
2490;764;1483906451;10
1442;2560;1483911546;4
78;1607;1483915978;12
2599;757;1483927884;2
1080;13311;1483911403;12
2324;2251;1483913554;4
370;2353;1483922314;16
824;908;1483921199;6
1561;2445;1483930942;6
491;2052;1483899251;14
854;439;1483922636;10
398;1077;1483903370;10
17998;32667;1483915040;2
1340;2454;1483910487;4
1844;2369;1483920892;18
109;452;1483931707;10
1417;2127;1483915412;6
2075;895;1483927378;18
466;1969;1483927344;16
1929;2221;1483930000;12
940;455;1483908193;6
472;1115;1483899788;18
618;349;1483904911;6
2238;830;1483929249;2
40151;1414;1483920152;12
1687;50;1483924334;10
795;809;1483919560;14
1998;681;1483901772;10
1954;1447;1483912510;16
2370;2415;1483926890;4
1834;488;1483925992;2
1546;40148;1483910597;8
13338;2343;1483931282;12
1447;1317;1483902689;4
2015;2179;1483931179;14
284;1574;1483910793;8
1680;1954;1483901050;8
77;2483;1483920900;18
2416;184;1483925804;10
2161;1734;1483900432;10
2200;1085;1483919100;6
961;1234;1483916763;6
393;1828;1483900196;18
1685;1668;1483899767;10
2119;1298;1483923952;14
1131;1465;1483908374;12
942;1416;1483900576;4
41793;2485;1483909789;18
778;38892;1483899217;14
416;3337;1483911449;4
217;2534;1483909261;12
1379;11416;1483906763;18
764;1582;1483931814;6
2219;1903;1483899270;4
863;2447;1483923813;16
437;1624;1483924956;12
22375;1853;1483900589;4
2444;8895;1483911743;6
376;2631;1483928001;18
333;1675;1483907418;8
1323;28061;1483925093;4
2351;2320;1483928076;16
915;374;1483925433;10
827;492;1483903681;2
1218;2581;1483924888;6
549;660;1483917424;16
1879;487;1483922387;6
1048;17;1483899724;2
1058;1914;1483909481;12
1425;1450;1483912711;14
889;1938;1483910231;4
103;1278;1483900040;18
2291;2001;1483930104;14
34310;426;1483931200;18
1694;1761;1483916375;10
245;613;1483917569;2
2097;109;1483927696;8
1665;2346;1483929071;12
38893;1147;1483904640;10
1820;403;1483907171;12
1661;1285;1483917124;14
145;748;1483918541;6
39085;2506;1483907279;18
32495;219;1483902497;14
2480;1314;1483917397;2
356;1568;1483901048;10
1521;1992;1483901254;18
2103;1301;1483921794;2
1659;26509;1483929574;6
1202;1978;1483923115;14
2133;650;1483921764;12
2133;1802;1483919661;16
1869;2295;1483924779;6
93;1463;1483907788;2
1917;1675;1483904772;14
2413;2060;1483901311;2
472;1179;1483924794;12
2123;566;1483922856;14
3339;1897;1483909631;12
379;2394;1483901762;4
1126;1522;1483903246;14
1614;991;1483926696;10
1899;684;1483926933;8
2425;1797;1483913729;2
865;689;1483927946;6
1534;2491;1483930051;6
1000;1054;1483904523;14
704;685;1483926110;16
16253;914;1483915782;8
2379;2444;1483930781;14
843;825;1483921795;16
335;604;1483908348;8
195;2039;1483903738;18
2424;977;1483924636;4
169;1389;1483914381;10
1615;2345;1483904351;10
723;2442;1483915264;6
1297;1001;1483928546;18
515;1743;1483912727;14
685;2117;1483925471;2
962;30;1483917881;2
2480;1536;1483914399;10
33117;2165;1483900125;10
149;113;1483915489;10
1300;845;1483923608;10
67;2207;1483918505;16
1367;1835;1483916041;8
860;2101;1483909435;4
1178;940;1483904494;14
873;161;1483928357;10
53;465;1483919294;12
2569;1830;1483907921;8
1498;54;1483915019;6
1703;2467;1483907992;18
89;1159;1483923800;10
1643;1284;1483908646;2
375;1672;1483919533;8
139;2576;1483907208;18
1489;37246;1483925312;18
1673;2056;1483909892;8
1557;32677;1483908831;8
2513;2586;1483921407;16
32677;189;1483903526;12
255;22282;1483927055;16
17980;1000;1483904007;2
943;1209;1483902159;16
863;363;1483901012;12
2526;1608;1483930833;12
1728;1956;1483899287;16
340;499;1483922424;18
513;1769;1483901108;16
1518;1704;1483909556;12
369;22821;1483928618;6
32487;705;1483900874;14
735;1956;1483926028;2
453;2247;1483914117;12
1144;1491;1483923088;14
1314;1514;1483919691;4
111;108;1483912258;16
200;867;1483927569;10
1452;1567;1483902149;2
408;203;1483906584;10
13339;1251;1483917563;12
1280;206;1483932715;18
2283;2199;1483913960;8
146;1199;1483903593;4
1552;1876;1483906906;8
2017;2631;1483902812;16
916;1554;1483900054;6
1669;197;1483903456;10
1682;159;1483923570;4
2501;2050;1483910070;4
36245;975;1483915815;8
2538;336;1483899793;12
1807;2486;1483899877;8
447;1223;1483915327;4
2448;562;1483926414;2
6632;526;1483930382;10
87;9;1483910298;16
1796;171;1483914083;14
2167;1822;1483900023;2
8002;1462;1483905102;12
1160;109;1483919897;16
2334;2059;1483912406;4
1105;435;1483925353;6
2235;250;1483911671;18
27915;1956;1483923889;2
886;356;1483929471;16
776;11854;1483918210;16
43;1922;1483909269;2
1760;1433;1483914127;2
11;424;1483921275;18
674;1058;1483906637;12
31651;1177;1483926910;14
1842;2449;1483928261;8
2061;919;1483907312;8
474;1582;1483918186;12
495;625;1483915736;2
1990;2067;1483901286;14
2153;11427;1483900191;6
294;182;1483916108;6
1464;825;1483905910;18
1244;9157;1483910212;18
16477;2072;1483928571;4
316;11427;1483906023;8
720;1654;1483923563;8
441;1633;1483900460;12
19570;617;1483904137;10
2022;1323;1483900514;12
54;1813;1483906616;18
2629;2355;1483914971;16
312;2017;1483926821;8
291;478;1483907381;14
2551;1199;1483900000;10
1747;601;1483930252;4
268;1501;1483905511;6
3337;1480;1483915013;6
778;830;1483909366;14
1957;1370;1483913900;14
1687;1917;1483931354;4
256;1000;1483901274;14
468;1518;1483929949;12
17782;1540;1483919472;4
2525;934;1483912918;2
819;395;1483924605;8
1075;2272;1483912662;6
2164;2346;1483899446;4
2009;13334;1483923201;16
2071;2508;1483921106;16
2274;26509;1483900586;10
158;277;1483902173;2
2418;1047;1483926864;2
1835;742;1483918880;14
1034;1425;1483899269;14
2050;156;1483902878;16
305;204;1483902066;10
32488;1027;1483900818;12
1109;1932;1483913708;6
299;1300;1483907963;10
2403;296;1483901779;2
2405;956;1483905234;18
1643;2330;1483930096;8
1229;1179;1483917159;6
2209;2418;1483915830;16
22051;112;1483916894;12
1627;1049;1483911871;4
1084;32942;1483915870;6
885;28172;1483920500;18
1696;2616;1483928583;10
2003;1110;1483914070;14
2569;761;1483914986;14
469;2171;1483912643;16
870;715;1483903174;6
1998;1024;1483922167;10
1178;1402;1483912570;12
1752;2365;1483903715;2
2549;11854;1483928753;14
1798;1521;1483900605;4
422;336;1483930521;8
1787;1471;1483900571;16
61;593;1483900329;4
806;255;1483904411;14
119;854;1483904232;4
1872;1958;1483914050;14
2230;760;1483904785;16
1158;2269;1483932195;10
368;789;1483926227;10
1711;2481;1483921862;2
554;1298;1483908523;16
2098;28064;1483932279;12
549;2623;1483930976;6
1619;1066;1483900744;4
756;101;1483924033;4
13340;2583;1483913575;16
56;172;1483930167;18
2432;658;1483909578;18
187;225;1483926511;4
1072;13336;1483906744;4
2034;16471;1483916385;14
531;573;1483931123;18
34310;851;1483900641;8
1057;107;1483916324;8
279;20;1483928848;14
32;357;1483906366;18
247;2115;1483912538;10
2416;172;1483915417;6
1788;17644;1483928411;14
1873;1452;1483921374;8
2399;74;1483913165;2
2031;1831;1483903000;10
1910;2121;1483924446;14
2436;2028;1483919892;6
2454;245;1483931508;2
19549;590;1483901787;6
2130;420;1483906423;8
1971;41410;1483931399;4
2081;1397;1483904533;8
1579;659;1483902793;18
374;2378;1483902600;16
2215;2250;1483922462;10
33119;1412;1483919992;4
1397;184;1483921069;2
2380;719;1483916687;4
1744;176;1483921796;4
362;2227;1483906369;12
40152;38987;1483913600;2
418;1601;1483920980;8
1258;680;1483899795;12
251;2353;1483913173;10
1036;359;1483914874;6
2261;1197;1483915251;14
931;1672;1483903034;16
2450;811;1483913732;6
2068;874;1483913047;6
36241;2228;1483918440;6
1650;1417;1483930832;2
972;1328;1483912614;4
2130;2246;1483932710;18
2338;2487;1483919619;16
863;2431;1483930824;2
746;35;1483927613;4
2190;614;1483921499;6
2229;28327;1483923903;12
528;1428;1483900581;16
2572;1472;1483927852;8
1983;671;1483913607;2
1736;1266;1483929737;10
593;28348;1483926714;16
516;1706;1483922577;18
17643;1878;1483918562;18
37410;1221;1483902711;6
324;1120;1483920575;10
567;937;1483905593;4
863;361;1483908187;14
1864;27914;1483904143;16
554;1618;1483924788;4
413;745;1483904078;16
1819;546;1483929924;4
1985;452;1483914537;10
18;278;1483930843;18
2617;13410;1483914570;16
2491;2258;1483900985;12
436;1348;1483925086;8
22321;429;1483923729;14
564;27917;1483899943;4
136;2343;1483903866;10
720;511;1483928371;4
1863;104;1483909037;14
41792;2284;1483928789;2
211;1057;1483908047;16
478;2129;1483915546;16
575;32;1483900984;10
1213;2214;1483923953;14
2560;1536;1483904398;12
2636;838;1483928162;8
2526;1906;1483919793;10
1379;32487;1483908020;12
2161;13335;1483917964;18
1937;27917;1483920641;4
1171;26;1483922510;16
2384;343;1483913818;18
418;2093;1483903504;10
285;2138;1483908251;6
1941;1550;1483920487;10
874;1722;1483919966;14
797;924;1483922435;10
697;2315;1483907227;6
931;2018;1483929960;10
1808;19;1483929684;6
7998;1385;1483904014;12
40148;573;1483922024;18
521;121;1483900392;4
2395;920;1483921078;16
1493;924;1483916040;14
2157;2024;1483908363;4
2524;2089;1483926914;18
1152;2426;1483924793;10
1297;2535;1483904654;6
1162;140;1483915012;6
2117;2336;1483923524;12
1105;806;1483925849;2
1937;2173;1483923853;16
2293;38542;1483925288;18
416;2331;1483905991;10
500;676;1483899266;10
2205;932;1483904003;10
2165;2282;1483899347;4
1294;1774;1483905938;6
604;10;1483904526;16
1711;2596;1483917382;6
2038;643;1483908867;12
1524;1084;1483903265;8
972;9;1483903451;10
12308;525;1483918263;2
2516;362;1483921568;10
13335;1025;1483925376;16
1296;1488;1483912851;2
786;392;1483904638;4
2468;1466;1483922351;14
99;12309;1483903382;14
374;41448;1483914315;10
1073;1505;1483926813;2
294;1466;1483900592;4
1528;27571;1483931024;16
2321;1198;1483919731;16
551;1951;1483912404;2
1131;1349;1483932570;16
699;2065;1483913529;6
31;2570;1483920156;4
460;918;1483923242;14
795;2386;1483917400;14
667;1135;1483908607;14
2269;1015;1483921014;4
2370;259;1483910446;18
1779;1604;1483909794;6
1389;6250;1483903129;6
2471;880;1483931522;18
1622;1617;1483919689;18
1331;461;1483927836;16
1038;2172;1483918052;16
2094;28330;1483908344;18
2394;575;1483911676;2
877;8001;1483914634;2
835;178;1483912980;12
1591;2199;1483914033;12
7995;2124;1483903088;12
1713;1972;1483911467;10
732;593;1483912417;10
1376;1359;1483913572;12
2354;1780;1483910890;12
1710;617;1483924230;6
1325;2475;1483923586;6
1084;2141;1483899629;2
911;2288;1483911532;2
1152;2443;1483904055;14
625;344;1483899354;6
785;218;1483910043;12
2509;120;1483907377;18
882;124;1483902844;10
2374;37406;1483911852;8
308;174;1483931290;14
2506;47;1483920826;2
1540;1593;1483918604;6
662;181;1483910461;14
732;569;1483901704;4
154;53;1483911451;12
358;171;1483910469;2
1976;694;1483899822;16
89;763;1483919823;8
2419;788;1483908680;8
2133;1215;1483924786;6
41792;263;1483910916;18
2093;849;1483928980;6
2270;1438;1483914608;10
2211;1061;1483930009;16
1236;465;1483900332;18
1577;999;1483921114;8
829;1918;1483900811;8
679;200;1483925279;16
2379;2017;1483915995;8
1968;1654;1483927052;4
180;1873;1483912171;10
2410;769;1483905327;6
190;1431;1483925479;14
1329;2424;1483917132;14
2422;777;1483931146;10
178;696;1483907682;18
1087;1879;1483914903;12
59;2334;1483902775;2
2262;486;1483930183;10
934;883;1483906563;16
1901;1351;1483926604;18
1971;1081;1483907298;4
244;1549;1483931715;8
1172;1402;1483911808;18
1568;104;1483921179;18
1060;380;1483912597;18
1816;37314;1483931703;2
2016;37409;1483910949;6
2354;255;1483926845;14
843;126;1483901016;10
1177;2304;1483912652;18
2188;1756;1483931756;2
1212;193;1483927230;18
2358;38892;1483916233;10
2271;111;1483927223;12
1808;420;1483906325;6
1057;1097;1483913709;6
1621;1326;1483905993;8
1833;2633;1483932582;12
808;307;1483902101;2
2457;829;1483903033;8
658;36245;1483908876;4
1027;341;1483920032;4
1480;2081;1483914440;12
1841;1065;1483927264;4
1;958;1483914870;12
1949;1525;1483919390;16
198;520;1483911991;14
1062;672;1483907578;8
2254;1439;1483905009;18
885;1848;1483903909;2
2274;1225;1483902080;18
1484;1578;1483911524;8
262;1518;1483910262;2
1668;2038;1483931762;14
1417;1956;1483920304;16
32973;2063;1483907106;8
2097;2096;1483905963;18
1546;1932;1483921236;16
9030;448;1483915280;2
1977;1805;1483913956;18
2046;93;1483913386;14
22281;1068;1483916974;6
2279;33854;1483909173;16
292;38506;1483903424;4
26509;1424;1483923051;10
998;22375;1483921420;16
2003;598;1483927544;2
16472;1739;1483907746;18
2560;2308;1483932601;2
329;963;1483912937;8
624;416;1483917375;16
1269;2250;1483909644;2
1182;13340;1483919219;6
2197;2141;1483926435;8
12471;1363;1483930907;8
2217;2266;1483927621;10
1254;308;1483914234;14
2307;2514;1483903880;14
2408;8000;1483918425;8
1230;325;1483901561;10
2126;137;1483932432;6
1238;2592;1483925534;14
31;341;1483908682;4
947;1232;1483929219;6
2534;611;1483905057;18
1682;9157;1483928752;10
37414;1378;1483899631;4
214;1715;1483928413;10
1098;22375;1483901176;12
2593;13032;1483915825;10
2187;1102;1483905508;2
1116;469;1483929100;12
40152;2440;1483913109;14
369;1760;1483905863;2
1523;1515;1483922843;14
2321;1638;1483902827;16
74;934;1483909122;4
533;2156;1483907100;16
1479;1398;1483925819;2
18181;1427;1483918803;8
65;1498;1483928223;6
2069;1717;1483901781;14
2245;2582;1483912343;2
1702;1484;1483932726;16
683;1251;1483899779;8
736;169;1483927105;18
605;36828;1483921101;10
1742;2452;1483925655;14
751;1835;1483927032;16
489;2383;1483905552;2
1898;2158;1483901401;2
1790;180;1483909854;14
826;1574;1483925696;4
1;308;1483908204;14
1499;2561;1483921232;18
2271;1430;1483902611;2
171;723;1483928027;18
1259;1896;1483904970;10
259;372;1483904804;2
1838;2329;1483905212;16
559;336;1483930935;10
1184;1263;1483930024;4
913;2567;1483928555;14
2175;507;1483907151;2
703;2307;1483908980;12
657;518;1483911511;18
431;1623;1483920098;10
2283;1397;1483909438;12
1705;1937;1483907160;6
1732;461;1483919924;2
158;348;1483899766;16
880;1675;1483902388;8
11427;854;1483920629;12
2561;356;1483929473;4
1191;2108;1483923848;10
1487;1138;1483911662;14
1543;1822;1483932080;12
2232;334;1483902550;18
666;1264;1483902078;18
764;1994;1483925693;8
709;2317;1483908627;18
1245;2149;1483918167;16
1259;1218;1483925871;12
1333;356;1483915146;10
2200;36331;1483922999;2
575;864;1483911214;14
2389;675;1483925050;10
1587;1759;1483905572;8
16471;13334;1483907057;4
22321;422;1483917856;2
17985;2472;1483924356;16
1461;1769;1483909687;14
1234;1561;1483913550;6
300;1661;1483912217;6
354;1041;1483913859;8
2291;1500;1483908860;6
1559;2188;1483903955;4
2116;38;1483923600;16
1782;2413;1483903952;10
49;33860;1483906526;8
1809;1286;1483906925;4
1517;1275;1483928658;14
1137;11418;1483903747;16
235;2495;1483926381;10
2169;102;1483900086;8
242;978;1483932689;14
1299;120;1483913847;8
2370;2081;1483903398;4
2268;2577;1483931894;2
1773;3739;1483929465;6
1030;43;1483926072;2
673;2070;1483923745;6
210;2120;1483930799;4
2582;1334;1483910199;4
1827;17781;1483931728;18
2552;1102;1483903042;6
1704;2326;1483909829;10
2231;33117;1483922069;14
642;40;1483900536;6
380;2373;1483900284;14
815;210;1483929466;2
1957;1548;1483901387;4
1719;1218;1483918040;16
1295;386;1483909752;6
351;1482;1483917749;14
2138;2638;1483907855;8
352;1999;1483905672;12
1444;550;1483932333;18
748;2509;1483924037;12
1446;1420;1483918628;8
22281;166;1483908669;4
41465;1211;1483915693;8
1833;19549;1483920795;12
1689;79;1483926456;10
2156;1105;1483904456;10
1559;7999;1483913570;14
177;2463;1483927514;12
1954;1982;1483904160;8
12471;1662;1483905198;12
27915;2439;1483906480;2
862;86;1483917496;8
598;1518;1483913846;14
1514;160;1483916132;16
2437;75;1483922073;8
22420;1404;1483901984;8
1585;207;1483899355;18
660;44;1483914158;4
2423;1480;1483912126;12
131;563;1483906633;6
1834;2207;1483931455;2
2551;275;1483899376;14
109;1968;1483913890;8
1051;2201;1483925759;8
32493;38506;1483932299;2
2269;931;1483918157;18
562;17644;1483923551;18
2463;1079;1483904510;6
1256;370;1483917765;4
1788;1037;1483916297;12
786;842;1483928466;10
1069;322;1483924210;16
2169;1866;1483927730;12
1760;1443;1483931740;4
33858;37406;1483923896;18
753;1411;1483932539;14
1116;845;1483913580;8
2311;1268;1483926253;12
2396;355;1483908284;16
625;2247;1483914332;4
1754;2129;1483931820;2
1252;251;1483932732;8
1499;753;1483932048;6
1802;118;1483899193;16
2461;635;1483910678;6
1255;17774;1483932087;16
520;339;1483900808;14
29771;1740;1483915900;2
41;915;1483932754;18
1271;1574;1483919102;10
531;2514;1483908783;8
2082;1988;1483905020;8
893;1122;1483921629;18
1053;1623;1483926677;2
22821;1742;1483920276;4
2296;2306;1483903030;4
2046;2469;1483928743;18
32496;2197;1483929671;4
331;1023;1483927885;4
1797;1166;1483914536;6
102;1146;1483929786;6
2314;1457;1483919610;16
2448;953;1483903876;6
803;1425;1483909698;10
8;2146;1483908507;12
22838;831;1483923075;18
796;1269;1483932500;18
2382;2517;1483930247;8
610;27;1483916779;4
562;692;1483905817;4
125;17959;1483925049;2
1733;2538;1483918982;8
1349;13723;1483914899;2
318;1787;1483914384;16
575;2423;1483925314;14
13334;1174;1483913814;14
511;1824;1483904758;6
1004;1891;1483914355;6
2035;1979;1483930964;12
823;1959;1483928103;16
772;1752;1483916151;16
1622;1581;1483927913;8
655;681;1483922798;12
1330;671;1483900944;10
1427;163;1483903196;4
769;2117;1483919272;14
127;1025;1483909880;18
20615;1439;1483928039;2
780;2569;1483901740;6
308;1059;1483910010;4
2495;1571;1483932274;18
13408;247;1483928772;8
1444;791;1483902141;4
21790;2324;1483912383;18
1077;1748;1483918081;4
2446;1395;1483909122;2
8003;2398;1483909820;8
1089;838;1483921658;12
237;832;1483932080;16
12;1916;1483901799;8
968;1494;1483921630;18
2;2420;1483904376;14
20;273;1483902645;4
2417;1315;1483908276;2
1760;876;1483901671;18
623;807;1483924694;10
19549;1284;1483908435;4
1711;920;1483903009;8
1340;1500;1483905539;4
452;589;1483914926;18
172;2256;1483911167;14
1831;896;1483901968;10
1935;1536;1483918557;6
941;2124;1483915134;6
150;904;1483931015;8
2034;1903;1483920951;14
1838;2436;1483926288;4
2368;2093;1483907629;6
27914;37410;1483925541;16
2349;2561;1483904211;8
2168;1750;1483922452;14
2238;1062;1483904548;12
741;27914;1483917904;14
37314;1498;1483911445;14
2064;1555;1483921587;16
572;2273;1483906099;8
9157;704;1483904178;10
637;9157;1483930141;10
841;1568;1483918999;10
2243;815;1483923704;4
2395;262;1483926228;2
917;2871;1483904247;2
2547;678;1483921758;16
2310;1214;1483932187;8
284;697;1483932696;14
1281;2287;1483909939;18
722;1443;1483928743;2
746;1684;1483908651;8
499;353;1483919161;8
1651;588;1483932670;16
144;15547;1483921139;12
434;924;1483910615;10
1176;12309;1483912363;12
28330;2403;1483926536;16
2080;36790;1483917810;18
183;164;1483913993;12
236;1336;1483901197;12
1555;38542;1483904256;12
36244;1206;1483904836;4
2079;637;1483927384;12
1315;981;1483908349;18
2616;38507;1483917621;6
1944;2224;1483926531;4
1170;1558;1483909690;8
666;338;1483923289;16
664;1596;1483911726;6
1008;2428;1483910706;6
2344;1653;1483914453;12
6;29772;1483904356;18
1285;27912;1483931472;4
747;1110;1483908126;10
1261;992;1483925204;14
104;64;1483910874;8
1565;1141;1483915185;2
977;28172;1483930462;12
2534;2488;1483915497;12
2298;467;1483915046;10
299;1475;1483932658;14
1003;1331;1483905735;2
166;1218;1483907641;2
314;637;1483922565;8
33855;634;1483908220;8
453;21;1483922340;18
488;1202;1483903049;18
2538;1375;1483910748;8
1613;296;1483921167;14
2152;1247;1483930025;10
13633;1310;1483905620;12
2414;1268;1483911548;18
37246;202;1483920282;16
871;628;1483907623;10
2270;17985;1483909367;18
2869;34;1483928582;12
1643;10372;1483927266;2
684;512;1483923869;14
292;595;1483908276;4
278;2067;1483905879;2
40152;1787;1483921944;6
578;685;1483912402;4
1748;2576;1483910345;12
396;2278;1483928416;8
33117;282;1483912074;12
1398;822;1483915795;14
1943;2635;1483924770;4
1387;751;1483910085;12
547;50;1483931176;6
1278;1520;1483908340;12
1188;1265;1483900126;14
2007;1565;1483912740;6
17782;1325;1483908284;8
810;2021;1483909121;4
1162;120;1483905427;12
1822;412;1483907280;8
2110;914;1483920443;4
2328;125;1483931551;6
441;323;1483929927;6
945;1361;1483919643;14
1002;712;1483924535;10
1995;753;1483928288;6
1540;29772;1483910216;4
13978;351;1483904593;14
13311;2596;1483909574;16
245;580;1483912725;16
2474;12315;1483909638;18
2278;269;1483906635;4
736;1981;1483922917;10
1567;2323;1483913558;16
889;2120;1483916641;2
1544;1868;1483932345;12
1834;38895;1483906744;12
545;840;1483923168;10
1467;17643;1483907971;14
21845;647;1483907463;12
1378;67;1483928804;16
378;1088;1483911598;14
197;2441;1483931822;14
2206;40153;1483928902;14
1534;1600;1483914013;14
485;979;1483901327;4
34309;1687;1483905714;12
823;623;1483925685;6
562;1861;1483922278;8
807;1310;1483916002;4
2105;211;1483905525;18
1340;1143;1483918117;14
1860;734;1483914404;4
1329;1967;1483924481;10
2292;422;1483915105;4
2026;1420;1483902376;16
169;1043;1483917172;18
367;2472;1483920013;12
191;18181;1483909671;18
934;4;1483929900;2
407;174;1483918800;14
643;1997;1483906737;10
2782;2475;1483906827;8
1701;1029;1483909890;18
2498;18181;1483923243;10
32490;121;1483912480;16
32667;2358;1483920711;14
1496;2495;1483927089;16
13088;2514;1483901072;14
1806;1964;1483908791;14
1998;207;1483924878;18
1557;2203;1483917492;6
1629;59;1483923755;18
948;2161;1483911112;16
2417;505;1483908766;2
1980;2170;1483915419;18
591;424;1483924701;14
299;337;1483924366;14
16474;737;1483907277;4
2280;2218;1483909954;2
21;100;1483930456;18
516;572;1483900932;14
2328;37408;1483905956;16
2586;885;1483913988;16
825;2344;1483900044;2
2514;21845;1483911284;14
2459;1043;1483905135;10
985;819;1483904107;16
761;1493;1483901389;16
1243;1867;1483910428;12
1204;1068;1483928084;18
27916;1118;1483919068;8
2285;2227;1483914302;12
1494;2108;1483903889;10
2120;2023;1483906728;2
120;2307;1483930253;4
371;961;1483911626;14
525;1852;1483904186;16
1760;514;1483906654;322
